{
  "urls": [
    "sfx/audio.ogg",
    "sfx/audio.mp3"
  ],
  "sprite": {
    "asteroid-explosion": [
      0,
      1955.9183673469388
    ],
    "click": [
      3000,
      105.46485260770977
    ],
    "coin": [
      5000,
      565.62358276644
    ],
    "coin2": [
      7000,
      541.1337868480723
    ],
    "shields-down": [
      9000,
      1380.6575963718828
    ],
    "shields-up": [
      12000,
      315.7596371882079
    ],
    "ship-explosion": [
      14000,
      1788.7981859410438
    ],
    "star-explosion": [
      17000,
      406.07709750566914
    ],
    "star-taken": [
      19000,
      610.6122448979577
    ]
  }
}